,17cB2TLuPowAQ8VR3ajqVOaOMdgSCG9gn
\Main,14MFhhRyMudNyo-WBIsRuRkzHQLNMb-_C
\Main\Entity List For the Knowledge Graph.md,1-OGMn9I905LSQKErgtGYJxCCCjdWFMPh
\Main\Kalamkaar Analysed.md,1MN_2uynYqzhrfEN4o9BTVQ_yxlnaYahl
\Main\Music Labels.md,1k4mkZCI6zJsyWtndM2FPFgtGsqosjcp8
\Main\New File.md,1qWDh7FtM4eKCdyMvZ2JqgmpW-pkwvr4L
\Main\Note Taking Video.md,1YJdncaFpXpE714p9P5TyaCtcWzfDdlZK
\Main\Projects.md,1xHzNhNmwRApa_wSuxm29p14vPz7oeA3E
\Main\RTI Automated.md,1kSdcb0hu1YXKO-D2gjUYE7A7ceoz8XJb
\Main\Speaking and Communication.md,1s4kLVGrFDtt02dNQX4q-_KmTm-3bj4bC
\Main\SSIP for RTI Company.md,1Cja6L_k-F6mmA79xiBM40DMsvTRkUkIX
\Main\Things to DO n Consider.md,1M23u3YVEtX8PVbjX4mzFBjSiAqJ8P5O2
\Main\Untitled.md,1WxLTr_qXKT4umESMUddnIVd06sh_qWCk
\Main\Testing,1F8X1xp-Cr51sLjiwOCdekiAivRaUYaxg
\Main\Testing\Jai Shree RAM.md,1pLGCCvC_jP1jHTWxVrgF-75pAfZuFQPZ
\New Folder,1VkSWZi_mcl98d9XSpHnxmRUxgxztaX_4
\New Folder\Naav Change.md,1OhHK5CH4SKSR12d30MANPobS7iXqVlhX
\Pasted image 20240512190738.png,1jtQgfG7fnJIhY9zF-0qAdT16EbRiejnT
\RagForBag,1gFyrnPn_Drs8mSkX6fyfO8Vt8YuQfxyP
\RagForBag\Financial viability.md,1bloNsMg0sFn7-1Ru32gEBqBwHnS9LsXK
\RagForBag\Marketing Viability.md,1FF4v3OPl2rAmfHyX4OjtYRkShOc-3Mwu
\RagForBag\Operations Viability.md,1PTeZzLAsBu2fH8JKfGcvd7LhiBdaL-Df
\Rough,1nZSWvqhc0xPdoYzTL4YqR7LicsYsCw_6
\Sauce,1WVxxtFnWjBVDFW6SLKxZNnOY0NqDQJuE
\Sauce\Report on gita GPT.md,19Dsb0xSB-w0lL-wP1Nt95-q9uI02XCDa
\Sauce\RTI.md,1rsflH-8laByKwMUMzE0_COichg1Gigwu
\Sauce\SSIP.md,1zYz_c5bZNbOLtLuo5jCXPQWY0ZTVz1HV
\Tags,1PyHEqKkQ1aa8q2o1HtZyKkYYNhLlMiLp
\Tags\Dharma.md,1657cY3GaK-Qy6lkNI9mW7VXUn9Wt4nIy
\Tags\Government.md,1Kmpl1TBaqoUxcsaTWHJunPKrmJ33j7wv
\Tags\hip-hop.md,11uRUbvEPfcO0zcQQIH3C5VKXoe_xfV1G
\Tags\kalamkaar.md,1F6Vj6FJXlLPCYnG2ijfXG1ACvC53ir_4
\Tags\label.md,1XGfiJBANMd7KsCkcpOAs1EpLC1xtZDYI
\Tags\music.md,1B2nFgHkT-E2Uh40-ikHkx8GIo9TeuWJI
\Tags\notes.md,18JWLGyn9ho8Z_qW3XtW42Hd6WQ7rZpON
\Tags\productivity.md,1lXuc8msrfK5a5fmwYzrRhxw3Eb78EJDO
\Tags\RAG.md,1kjBPr9GzdS_k-cFJ5IpKXOiCvnrXzWXX
\Templates,1hLS3riewJsV5mAnwud7aQbiN3JeA-XlS
\Templates\Main Note.md,1D7mtn6j6xP8TopuC3wjeyjjdOnzHMk5A
__ROOT__,1pcfHtZUUj2F97dkCMC0qyWnjGOBPtxxg
\.OBSIDIANTEST,1_awEGQ04cpE1EMbBCNbzjcS0X1PUOW-B
\Untitled,1YkPui-4a0CKjc_k18uCEMu9YuD9nK7n8
\Untitled\ABC.md,1exddBhH3nnzWOrCZUb8cfKg_NZcWd7tj
\Untitled\Untitle.md,1EfS1-v-VLzOCBYSncUpvo5HgFhm5LtGq
